{"cameraMode":{"drawMode":0,"name":"Shaded","section":"Shading Mode"},"sceneLighting":true,"audioPlay":false,"sceneViewState":{"m_AlwaysRefresh":false,"showFog":true,"showSkybox":true,"showFlares":true,"showImageEffects":true,"showParticleSystems":true,"showVisualEffectGraphs":true,"m_FxEnabled":true},"in2DMode":false,"pivot":{"x":608.6632080078125,"y":1722.8226318359375,"z":49.65704345703125},"rotation":{"x":0.0557807981967926,"y":-0.0015021641738712788,"z":0.00008392013842239976,"w":0.9984418153762817},"size":570.8641357421875,"orthographic":false}