{"cameraMode":{"drawMode":0,"name":"Shaded","section":"Shading Mode"},"sceneLighting":true,"audioPlay":false,"sceneViewState":{"m_AlwaysRefresh":false,"showFog":true,"showSkybox":true,"showFlares":true,"showImageEffects":true,"showParticleSystems":true,"showVisualEffectGraphs":true,"m_FxEnabled":true},"in2DMode":false,"pivot":{"x":599.3718872070313,"y":1041.25439453125,"z":-56.9049072265625},"rotation":{"x":0.0557807981967926,"y":-0.0015021641738712788,"z":0.00008392013842239976,"w":0.9984418153762817},"size":852.0081176757813,"orthographic":false}